"日付","受付番号","レース場","レース","勝式","組番","購入金額","的中返還","払戻金","払戻計"
"2026/10/06","2","鳴　門","2R","拡連複"," 1=3","100","的中","200","200"
"2026/10/06","2","鳴　門","2R","複勝"," 1","100","的中","100","100"
"2026/10/06","3","徳　山","3R","複勝"," 1","100","的中","100","100"
"2026/10/06","4","鳴　門","4R","拡連複"," 1=3","100","的中","130","130"
"2026/10/06","4","鳴　門","4R","複勝"," 1","100","的中","100","100"
"2026/10/06","4","鳴　門","4R","単勝"," 1","100","的中","170","170"
"2026/10/06","5","多摩川","2R","拡連複"," 2=5","100","的中","160","160"
"2026/10/06","6","尼　崎","2R","複勝"," 1","100","的中","100","100"
"2026/10/06","7","常　滑","3R","単勝"," 1","100","なし","0","0"
"2026/10/06","7","常　滑","3R","複勝"," 1","100","なし","0","0"
"2026/10/06","7","常　滑","3R","拡連複"," 1=3","100","なし","0","0"
"2026/10/06","8","鳴　門","7R","拡連複"," 1=2","100","なし","0","0"
"2026/10/06","9","びわこ","3R","拡連複"," 1=2","100","的中","370","370"
"2026/10/06","9","びわこ","3R","複勝"," 1","100","的中","140","140"
"2026/10/06","10","福　岡","2R","複勝"," 1","100","なし","0","0"
"2026/10/06","10","福　岡","2R","拡連複"," 1=3","100","的中","160","160"
"2026/10/06","11","尼　崎","3R","拡連複"," 1=4","100","なし","0","0"
"2026/10/06","12","多摩川","3R","単勝"," 5","100","なし","0","0"
"2026/10/06","13","多摩川","3R","複勝"," 5","100","なし","0","0"
"2026/10/06","14","常　滑","4R","複勝"," 6","100","的中","170","170"
"2026/10/06","15","戸　田","3R","単勝"," 1","100","なし","0","0"
"2026/10/06","15","戸　田","3R","拡連複"," 1=2","100","的中","250","250"
"2026/10/06","15","戸　田","3R","２連複"," 1=2","100","なし","0","0"
"2026/10/06","16","びわこ","4R","複勝"," 2","100","なし","0","0"
"2026/10/06","17","びわこ","4R","単勝"," 2","100","なし","0","0"
"2026/10/06","18","尼　崎","4R","２連複"," 1=5","100","なし","0","0"
"2026/10/06","19","多摩川","4R","複勝"," 1","100","的中","110","110"
"2026/10/06","20","常　滑","5R","単勝"," 3","100","なし","0","0"
"2026/10/06","21","福　岡","4R","複勝"," 1","100","的中","100","100"
"2026/10/06","22","常　滑","6R","複勝"," 1","100","的中","120","120"
"2026/10/06","23","びわこ","6R","複勝"," 1","100","的中","140","140"
"2026/10/06","24","びわこ","6R","拡連複"," 1=2","100","なし","0","0"
"2026/10/06","25","三　国","6R","複勝"," 1","100","なし","0","0"
"2026/10/06","26","びわこ","7R","２連複"," 1=2","100","的中","110","110"
"2026/10/06","26","びわこ","7R","単勝"," 1","100","的中","100","100"
"2026/10/06","26","びわこ","7R","拡連複"," 1=2","100","的中","170","170"
"2026/10/06","27","戸　田","6R","単勝"," 1","100","なし","0","0"
"2026/10/06","27","戸　田","6R","拡連複"," 1=2","100","的中","240","240"
"2026/10/06","27","戸　田","6R","複勝"," 1","100","的中","210","210"
"2026/10/06","28","福　岡","6R","拡連複"," 1=2","100","なし","0","0"
"2026/10/06","29","三　国","7R","複勝"," 1","100","的中","120","120"
"2026/10/06","29","三　国","7R","拡連複"," 1=2","100","なし","0","0"
"2026/10/06","30","三　国","7R","２連複"," 1=2","100","なし","0","0"
"2026/10/06","31","びわこ","8R","拡連複"," 1=3","100","的中","250","250"
"2026/10/06","31","びわこ","8R","単勝"," 3","100","なし","0","0"
"2026/10/06","32","三　国","8R","２連複"," 1=3","100","なし","0","0"
"2026/10/06","32","三　国","8R","拡連複"," 1=3","100","なし","0","0"
"2026/10/06","32","三　国","8R","単勝"," 1","100","的中","160","160"
"2026/10/06","33","尼　崎","8R","拡連複"," 1=3","100","なし","0","0"
"2026/10/06","34","鳴　門","12R","単勝"," 1","100","的中","170","170"
"2026/10/06","35","常　滑","9R","２連複"," 1=2","100","なし","0","0"
"2026/10/06","36","びわこ","9R","複勝"," 2","100","的中","120","120"
"2026/10/06","37","戸　田","8R","拡連複"," 1=2","100","的中","160","160"
"2026/10/06","38","三　国","9R","２連複"," 1=3","100","なし","0","0"
"2026/10/06","38","三　国","9R","拡連複"," 1=3","100","なし","0","0"
"2026/10/06","39","多摩川","9R","拡連複"," 1=3","100","的中","170","170"
"2026/10/06","39","多摩川","9R","２連複"," 1=3","100","的中","280","280"
"2026/10/06","40","戸　田","9R","単勝"," 3","100","なし","0","0"
"2026/10/06","40","戸　田","9R","拡連複"," 1=3","100","なし","0","0"
"2026/10/06","41","福　岡","9R","単勝"," 1","100","なし","0","0"
"2026/10/06","42","福　岡","9R","複勝"," 1","100","的中","100","100"
"2026/10/06","43","尼　崎","10R","単勝"," 2","100","なし","0","0"
"2026/10/06","44","多摩川","10R","拡連複"," 1=3","100","なし","0","0"
"2026/10/06","45","大　村","1R","２連複"," 1=4","100","的中","550","550"
"2026/10/06","45","大　村","1R","単勝"," 1","100","的中","100","100"
"2026/10/06","46","びわこ","11R","拡連複"," 1=3","100","なし","0","0"
"2026/10/06","47","びわこ","11R","単勝"," 1","100","的中","190","190"
"2026/10/06","48","福　岡","10R","複勝"," 1","100","なし","0","0"
"2026/10/06","49","住之江","2R","単勝"," 2","100","なし","0","0"
"2026/10/06","50","大　村","2R","拡連複"," 1=2","100","なし","0","0"
"2026/10/06","51","多摩川","11R","２連複"," 1=2","100","なし","0","0"
"2026/10/06","52","常　滑","12R","拡連複"," 1=2","100","的中","130","130"
"2026/10/06","53","住之江","3R","拡連複"," 1=4","100","的中","220","220"
"2026/10/06","53","住之江","3R","単勝"," 1","100","なし","0","0"
"2026/10/06","54","住之江","3R","２連複"," 1=4","100","なし","0","0"
"2026/10/06","55","戸　田","12R","複勝"," 1","100","的中","170","170"
"2026/10/06","55","戸　田","12R","拡連複"," 1=3","100","なし","0","0"
"2026/10/06","56","住之江","4R","単勝"," 1","100","なし","0","0"
"2026/10/06","57","大　村","5R","複勝"," 4","100","的中","100","100"
"2026/10/06","57","大　村","5R","単勝"," 4","100","なし","0","0"
"2026/10/06","58","若　松","1R","拡連複"," 1=2","100","なし","0","0"
"2026/10/06","59","若　松","2R","複勝"," 4","100","なし","0","0"
"2026/10/06","60","若　松","2R","２連複"," 1=4","100","なし","0","0"
"2026/10/06","61","若　松","4R","２連複"," 2=4","100","的中","570","570"
"2026/10/06","62","若　松","6R","拡連複"," 1=2","100","的中","150","150"
"2026/10/06","62","若　松","6R","２連複"," 1=2","100","なし","0","0"
